<?xml version="1.0" encoding="utf-8"?>
<prefix name="skadateios" label="Skadate iOS App" language_tag="en" language_label="English"><key name="action_not_available"><value>This option is disabled</value></key><key name="admin_settings"><value>Skadate IOS</value></key><key name="billing_settings"><value>Skadate IOS Itunes API settings</value></key><key name="gateway_title"><value>iOS In-App Purchase</value></key><key name="illegal"><value>Illegal</value></key><key name="itunes_mode_live"><value>Live</value></key><key name="itunes_mode_test"><value>Test</value></key><key name="offensive"><value>Offensive</value></key><key name="settings_billing_enable_description"><value>Basic Customization is required to enable in-app purchases. Contact SkaDate Support to request Basic Customization service.</value></key><key name="settings_billing_enable_label"><value>Enable/disable in-app purchases</value></key><key name="settings_itunes_mode_label"><value>Itunes Mode</value></key><key name="settings_itunes_secret_label"><value>Itunes Shared Secret</value></key><key name="settings_saved"><value>Settings were saved</value></key><key name="spam"><value>SPAM</value></key><key name="user_reported_notification_html"><value>&lt;p&gt;Content posted by a site user has been flagged as inappropriate (illegal, offensive, spam, or otherwise breaching the site’s TOS). Please take immediate action by reviewing the reported profile, removing all offensive content and banning the offending user if necessary.&lt;/p&gt;&#13;
&#13;
&lt;p&gt;Flagged profile: {$userUrl}&lt;br /&gt;&#13;
Report reason: {$reason}&lt;br /&gt;&#13;
Report submitted by: {$reportedUserUrl}&lt;/p&gt;</value></key><key name="user_reported_notification_text"><value>Content posted by a site user has been flagged as inappropriate (illegal, offensive, spam, or otherwise breaching the site’s TOS). Please take immediate action by reviewing the reported profile, removing all offensive content and banning the offending user if necessary.&#13;
&#13;
Flagged profile: {$userUrl}&#13;
Report reason: {$reason}&#13;
Report submitted by: {$reportedUserUrl}</value></key><key name="user_reported_subject"><value>Flagged Content Report</value></key>
	<key name="app_url_label"><value>App URL</value></key>
	<key name="app_url_desc"><value>Generic App URL by default</value></key>
	<key name="smart_banner_label"><value>Smart banner</value></key>
	<key name="smart_banner_desc"><value>Promote your App for any visitor using iOS</value></key>
	<key name="app_promo"><value>App promotion</value></key>
</prefix>
