<?xml version="1.0" encoding="utf-8"?>
<prefix name="matchmaking" label="Matchmaking" language_tag="en" language_label="English"><key name="account_types_checkbox_content"><value>Match Questions can't be signed to account types</value></key><key name="admin_menu_item_rules"><value>Rules</value></key><key name="admin_menu_item_settings"><value>Settings</value></key><key name="admin_page_heading"><value>Matchmaking Settings</value></key><key name="admin_page_title_rules"><value>Matchmaking rules</value></key><key name="admin_page_title_settings"><value>Matchmaking settings</value></key><key name="admin_rules_add_new_invitation"><value>Select</value></key><key name="admin_rules_create_match_question"><value>Create new match question</value></key><key name="admin_rules_delete_successful"><value>Matchmaking rule has been removed successfully</value></key><key name="admin_rules_desc_coefficient"><value>Compatibility weight for this rule</value></key><key name="admin_rules_desc_match_question"><value>What it matches with</value></key><key name="admin_rules_desc_question"><value>User's feature</value></key><key name="admin_rules_manage_create_desc"><value>To add a question to the matchmaking algorithm just set its weight rate &lt;div class="coefficients_cont clearfix" style="display:inline-block; vertical-align: middle; padding: 0 4px;"&gt; &#13;
&lt;a id="532abdbd8fa7f_item_1" class="coefficient_item active" href="javascript://"&gt;&amp;nbsp;&lt;/a&gt; &#13;
&lt;a id="532abdbd8fa7f_item_2" class="coefficient_item active" href="javascript://"&gt;&amp;nbsp;&lt;/a&gt; &#13;
&lt;a id="532abdbd8fa7f_item_3" class="coefficient_item active" href="javascript://"&gt;&amp;nbsp;&lt;/a&gt; &#13;
&lt;a id="532abdbd8fa7f_item_4" class="coefficient_item" href="javascript://"&gt;&amp;nbsp;&lt;/a&gt; &#13;
&lt;a id="532abdbd8fa7f_item_5" class="coefficient_item" href="javascript://"&gt;&amp;nbsp;&lt;/a&gt; &#13;
&lt;/div&gt;&#13;
 below</value></key><key name="admin_rules_manage_create_other"><value>Other</value></key><key name="admin_rules_manage_matched_questions"><value>Matched Questions</value></key><key name="admin_rules_manage_match_questions"><value>Manage Match Questions</value></key><key name="admin_rules_manage_question_property"><value>{$accountTypeName} only</value></key><key name="admin_rules_no_changes"><value>No changes were made</value></key><key name="admin_rules_title_add_new_rule"><value>Add New Rule</value></key><key name="admin_rules_title_coefficient"><value>Coefficient</value></key><key name="admin_rules_title_match_question"><value>Question 2</value></key><key name="admin_rules_title_properties"><value>Special notes</value></key><key name="admin_rules_title_question"><value>Question 1</value></key><key name="admin_settings_label_input_value1"><value>once a day</value></key><key name="admin_settings_label_input_value3"><value>once in 3 days</value></key><key name="admin_settings_label_input_value_never"><value>never</value></key><key name="admin_settings_label_input_value_week"><value>once a week</value></key><key name="admin_settings_label_send_new_matches"><value>Send new matches to users by email</value></key><key name="btn_label_add"><value>Add</value></key><key name="btn_label_delete"><value>Delete</value></key><key name="btn_label_edit"><value>Edit</value></key><key name="btn_label_remove"><value>Remove</value></key><key name="btn_label_save"><value>Save</value></key><key name="compatibility"><value>Compatibility</value></key><key name="compatibility_with"><value>Compatibility with you</value></key><key name="configuration_settings_saved"><value>Settings saved</value></key><key name="confirm_delete_text"><value>Are you sure you want to delete this rule?&#13;
&#13;
THIS WILL ALSO DELETE THE MATCHING QUESTION WITH ALL PROFILE INFO. THIS OPERATION IS IRREVERSIBLE.</value></key><key name="email_html_bottom"><value>Talk soon,&lt;br /&gt;&#13;
{$site_name}, administration&lt;br /&gt;&#13;
{$site_url}</value></key><key name="email_html_description"><value>Here are your latest matches on &lt;a href="{$site_url}"&gt; {$site_name}&lt;/a&gt; :</value></key><key name="email_html_head"><value>Dear {$userName},</value></key><key name="email_notifications_send_new_matches"><value>New matches for &lt;a href="{$userUrl}"&gt;{$userName}&lt;/a&gt;</value></key><key name="email_notifications_send_new_matches_subject"><value>New matches for you</value></key><key name="email_txt_bottom"><value>Talk soon,&#13;
{$site_name}, administration&#13;
{$site_url}</value></key><key name="email_txt_head"><value>Dear {$userName},&#13;
Here are your latest matches on {$site_name}:</value></key><key name="latest"><value>Latest</value></key><key name="matches_index"><value>My Matches</value></key><key name="matchmaking_preferences"><value>Matchmaking Preferences</value></key><key name="match_question_lang_prefix"><value>My match's {$questionLabel}</value></key><key name="most_compatible_first"><value>most compatible first</value></key><key name="newest_first"><value>newest first</value></key><key name="new_rule_form_success_message"><value>New matchmaking rule has been created successfully</value></key><key name="no_matches"><value>No matches found.&lt;br /&gt;Please &lt;a href="{$profileEditUrl}"&gt;complete your profile&lt;/a&gt; to find great matches.</value></key><key name="no_questions"><value>No questions</value></key><key name="preferences_invitation"><value>Here you can specify some details of the person you are looking for. Just remember, you are not in a grocery store, being too demanding is counterproductive. People are not sets of features.</value></key><key name="preferences_page_heading"><value>Matchmaking Preferences</value></key><key name="preferences_page_title"><value>Matchmaking Preferences</value></key><key name="questions_general_label"><value>General</value></key><key name="rule_edit_form_error_message"><value>Matchmaking rule edit failed, please try again</value></key><key name="rule_edit_form_success_message"><value>Matchmaking rule has been updated successfully</value></key><key name="this_is_unimportant"><value>this is unimportant</value></key><key name="top"><value>Top</value></key><key name="uninstall_confirm_text"><value>This will delete all match profile questions and profile info associated with them. THIS OPERATION IS IRREVERSIBLE.</value></key><key name="view_match_section_label"><value>View all</value></key></prefix>
