<?xml version="1.0" encoding="utf-8"?>
<prefix name="hotlist" label="Hot List" language_tag="en" language_label="English"><key name="add_to_list"><value>Add your profile to the Hot List</value></key><key name="admin_heading_settings"><value>Hot List</value></key><key name="are_you_hot_too"><value>Are you hot, too?</value></key><key name="auth_action_label_add_to_list"><value>Add to Hot List</value></key><key name="auth_group_label"><value>Hot List</value></key><key name="cmp_widget_number_of_users"><value>Number of users in the list</value></key><key name="error_usercredits_not_installed"><value>&lt;b&gt;Hot List&lt;/b&gt; requires  &lt;a href="http://www.oxwall.org/store/item/53" target="_blank"&gt;User Credits&lt;/a&gt; plugin</value></key><key name="floatbox_header"><value>Stand out from the crowd</value></key><key name="floatbox_header_remove_from_list"><value>Remove</value></key><key name="floatbox_text"><value>Do you want to add yourself to the Hot List?&lt;br/&gt;&lt;br/&gt;It costs {$amount} credits.</value></key><key name="floatbox_text_remove_from_list"><value>Are you sure you want to remove yourself from the Hot List? &lt;br/&gt;You will not be reimbursed for that.</value></key><key name="floatbox_text_simple"><value>Do you want to add yourself to the Hot List?</value></key><key name="label_add_btn_label"><value>Buy</value></key><key name="label_add_to_hotlist"><value>Add to Hot List</value></key><key name="label_expiration_time"><value>Days in Hot List</value></key><key name="label_no_users"><value>Be the first in the Hot List!</value></key><key name="label_remove_btn_label"><value>Remove</value></key><key name="label_save_btn_label"><value>Save</value></key><key name="remove_from_hot_list"><value>Remove yourself from Hot List</value></key><key name="settings"><value>Settings</value></key><key name="settings_saved"><value>Settings saved</value></key><key name="sponsor_btn_label"><value>Yes</value></key><key name="text_remove_from_list"><value>You are already in the Hot List.&#13;
&lt;br /&gt;&lt;br/&gt;&#13;
If you want to remove your profile from Hot List, click the button below.</value></key><key name="usercredits_action_add_to_list"><value>Add your profile to the Hot List</value></key><key name="userlist"><value>Hot List</value></key><key name="user_added"><value>You are in the Hot List now!</value></key><key name="user_removed"><value>You have been removed from Hot List</value></key><key name="yes_btn_label"><value>Yes</value></key></prefix>
