<?xml version="1.0" encoding="utf-8"?>
<prefix name="moderation" label="Premoderation" language_tag="en" language_label="English"><key name="admin_heading"><value>Premoderation</value></key><key name="admin_title"><value>Premoderation</value></key><key name="approve_create_time"><value>Added: {$time}</value></key><key name="approve_update_time"><value>Edited: {$time}</value></key><key name="console_pending_approval"><value>Pending Approval</value></key><key name="content_types_saved_message"><value>Settings saved</value></key><key name="feedback_approve"><value>{$content} has been approved</value></key><key name="feedback_approve_multiple"><value>{$count} {$content} have been approved</value></key><key name="for_approve"><value>For approve</value></key><key name="list_string_create"><value>added new {$content}</value></key><key name="list_string_update"><value>edited their {$content}</value></key><key name="require_premoderation_label"><value>Premoderation</value></key><key name="type_of_content_label"><value>Type of Content</value></key></prefix>
